{
  "openapi" : "3.0.1",
  "info" : {
    "title" : "Department API",
    "description" : "Active profile: DEFAULT",
    "version" : "2.7.0"
  },
  "servers" : [ {
    "url" : "http://192.168.29.79:8080/department-api",
    "description" : "Generated server url"
  } ],
  "paths" : {
    "/api/v1/{id}" : {
      "put" : {
        "tags" : [ "department-controller" ],
        "summary" : "Update an existing department",
        "operationId" : "updateDepartment",
        "parameters" : [ {
          "name" : "id",
          "in" : "path",
          "required" : true,
          "schema" : {
            "type" : "string"
          }
        } ],
        "requestBody" : {
          "content" : {
            "application/json" : {
              "schema" : {
                "$ref" : "#/components/schemas/DepartmentRequestDTO"
              }
            }
          },
          "required" : true
        },
        "responses" : {
          "200" : {
            "description" : "OK",
            "content" : {
              "*/*" : {
                "schema" : {
                  "$ref" : "#/components/schemas/APIResponseDepartmentDTO"
                }
              }
            }
          }
        }
      },
      "delete" : {
        "tags" : [ "department-controller" ],
        "summary" : "Delete a department by ID",
        "operationId" : "deleteDepartment",
        "parameters" : [ {
          "name" : "id",
          "in" : "path",
          "required" : true,
          "schema" : {
            "type" : "string"
          }
        } ],
        "responses" : {
          "200" : {
            "description" : "OK",
            "content" : {
              "*/*" : {
                "schema" : {
                  "$ref" : "#/components/schemas/APIResponseString"
                }
              }
            }
          }
        }
      }
    },
    "/api/v1/departments/{departmentId}/employees/{employeeId}" : {
      "get" : {
        "tags" : [ "employee-controller" ],
        "summary" : "Find employee by ID belonging to the specific department",
        "description" : "Returns a single employee belonging to the specific department",
        "operationId" : "getEmployeeById",
        "parameters" : [ {
          "name" : "departmentId",
          "in" : "path",
          "required" : true,
          "schema" : {
            "type" : "string"
          }
        }, {
          "name" : "employeeId",
          "in" : "path",
          "required" : true,
          "schema" : {
            "type" : "string"
          }
        } ],
        "responses" : {
          "200" : {
            "description" : "OK",
            "content" : {
              "*/*" : {
                "schema" : {
                  "$ref" : "#/components/schemas/APIResponseEmployeeDTO"
                }
              }
            }
          }
        }
      },
      "put" : {
        "tags" : [ "employee-controller" ],
        "summary" : "Update an existing employee belonging to the specific department",
        "operationId" : "updateEmployeeById",
        "parameters" : [ {
          "name" : "departmentId",
          "in" : "path",
          "required" : true,
          "schema" : {
            "type" : "string"
          }
        }, {
          "name" : "employeeId",
          "in" : "path",
          "required" : true,
          "schema" : {
            "type" : "string"
          }
        } ],
        "requestBody" : {
          "content" : {
            "application/json" : {
              "schema" : {
                "$ref" : "#/components/schemas/EmployeeRequestDTO"
              }
            }
          },
          "required" : true
        },
        "responses" : {
          "200" : {
            "description" : "OK",
            "content" : {
              "*/*" : {
                "schema" : {
                  "$ref" : "#/components/schemas/APIResponseEmployeeDTO"
                }
              }
            }
          }
        }
      },
      "delete" : {
        "tags" : [ "employee-controller" ],
        "summary" : "Delete an employee belonging to the specific department",
        "operationId" : "deleteEmployee",
        "parameters" : [ {
          "name" : "departmentId",
          "in" : "path",
          "required" : true,
          "schema" : {
            "type" : "string"
          }
        }, {
          "name" : "employeeId",
          "in" : "path",
          "required" : true,
          "schema" : {
            "type" : "string"
          }
        } ],
        "responses" : {
          "200" : {
            "description" : "OK",
            "content" : {
              "*/*" : {
                "schema" : {
                  "$ref" : "#/components/schemas/APIResponseString"
                }
              }
            }
          }
        }
      }
    },
    "/api/v1/search" : {
      "post" : {
        "tags" : [ "department-controller" ],
        "summary" : "Search all departments using pagination",
        "description" : "Returns a list of departments",
        "operationId" : "getAllDepartmentsUsingPagination",
        "requestBody" : {
          "content" : {
            "application/json" : {
              "schema" : {
                "$ref" : "#/components/schemas/DepartmentSearchCriteriaDTO"
              }
            }
          },
          "required" : true
        },
        "responses" : {
          "200" : {
            "description" : "OK",
            "content" : {
              "*/*" : {
                "schema" : {
                  "$ref" : "#/components/schemas/APIResponsePageDepartmentDTO"
                }
              }
            }
          }
        }
      }
    },
    "/api/v1/employees/search" : {
      "post" : {
        "tags" : [ "employee-controller" ],
        "summary" : "Search all employees from all departments using pagination",
        "description" : "Returns a list of employees belonging to any department",
        "operationId" : "getAllEmployeesUsingPagination",
        "requestBody" : {
          "content" : {
            "application/json" : {
              "schema" : {
                "$ref" : "#/components/schemas/EmployeeSearchCriteriaDTO"
              }
            }
          },
          "required" : true
        },
        "responses" : {
          "200" : {
            "description" : "OK",
            "content" : {
              "*/*" : {
                "schema" : {
                  "$ref" : "#/components/schemas/APIResponsePageEmployeeDTO"
                }
              }
            }
          }
        }
      }
    },
    "/api/v1/departments/{departmentId}/employees" : {
      "get" : {
        "tags" : [ "employee-controller" ],
        "summary" : "Find all employees belonging to the specific department",
        "description" : "Returns a list of employees belonging to the specific department",
        "operationId" : "getEmployeesByDepartmentId",
        "parameters" : [ {
          "name" : "departmentId",
          "in" : "path",
          "required" : true,
          "schema" : {
            "type" : "string"
          }
        } ],
        "responses" : {
          "200" : {
            "description" : "OK",
            "content" : {
              "*/*" : {
                "schema" : {
                  "$ref" : "#/components/schemas/APIResponseListEmployeeDTO"
                }
              }
            }
          }
        }
      },
      "post" : {
        "tags" : [ "employee-controller" ],
        "summary" : "Add a new employee to the specific department",
        "operationId" : "createEmployee",
        "parameters" : [ {
          "name" : "departmentId",
          "in" : "path",
          "required" : true,
          "schema" : {
            "type" : "string"
          }
        } ],
        "requestBody" : {
          "content" : {
            "application/json" : {
              "schema" : {
                "$ref" : "#/components/schemas/EmployeeRequestDTO"
              }
            }
          },
          "required" : true
        },
        "responses" : {
          "200" : {
            "description" : "OK",
            "content" : {
              "*/*" : {
                "schema" : {
                  "$ref" : "#/components/schemas/APIResponseEmployeeDTO"
                }
              }
            }
          }
        }
      }
    },
    "/api/v1/department" : {
      "post" : {
        "tags" : [ "department-controller" ],
        "summary" : "Create a new Department",
        "description" : "Add a new department to the system",
        "operationId" : "createDepartment",
        "requestBody" : {
          "content" : {
            "application/json" : {
              "schema" : {
                "$ref" : "#/components/schemas/DepartmentRequestDTO"
              }
            }
          },
          "required" : true
        },
        "responses" : {
          "200" : {
            "description" : "OK",
            "content" : {
              "*/*" : {
                "schema" : {
                  "$ref" : "#/components/schemas/APIResponseDepartmentDTO"
                }
              }
            }
          }
        }
      }
    },
    "/api/v1/reports/zip" : {
      "get" : {
        "tags" : [ "report-controller" ],
        "summary" : "Generate a zip file which contains two excel reports",
        "operationId" : "generateAndZipReports",
        "responses" : {
          "200" : {
            "description" : "OK",
            "content" : {
              "*/*" : {
                "schema" : {
                  "type" : "string",
                  "format" : "binary"
                }
              }
            }
          }
        }
      }
    },
    "/api/v1/reports/pdf/full-report" : {
      "get" : {
        "tags" : [ "report-controller" ],
        "summary" : "Generate a PDF report containing all the departments along with all the employees in the specified language",
        "operationId" : "generatePdfFullReport",
        "parameters" : [ {
          "name" : "language",
          "in" : "query",
          "required" : true,
          "schema" : {
            "type" : "string",
            "enum" : [ "EN", "ES", "DE", "EL" ]
          }
        } ],
        "responses" : {
          "200" : {
            "description" : "OK",
            "content" : {
              "*/*" : {
                "schema" : {
                  "type" : "string",
                  "format" : "binary"
                }
              }
            }
          }
        }
      }
    },
    "/api/v1/reports/pdf/combined-report" : {
      "get" : {
        "tags" : [ "report-controller" ],
        "summary" : "Generate a combined PDF report from two separate reports in the specified language",
        "operationId" : "generateCombinedPdfReport",
        "parameters" : [ {
          "name" : "language",
          "in" : "query",
          "required" : true,
          "schema" : {
            "type" : "string",
            "enum" : [ "EN", "ES", "DE", "EL" ]
          }
        } ],
        "responses" : {
          "200" : {
            "description" : "OK",
            "content" : {
              "*/*" : {
                "schema" : {
                  "type" : "string",
                  "format" : "binary"
                }
              }
            }
          }
        }
      }
    },
    "/api/v1/reports/multi-sheet-excel" : {
      "get" : {
        "tags" : [ "report-controller" ],
        "summary" : "Generate a multi-sheet Excel report containing departments and employees",
        "operationId" : "generateMultiSheetExcelReport",
        "responses" : {
          "200" : {
            "description" : "OK",
            "content" : {
              "*/*" : {
                "schema" : {
                  "type" : "string",
                  "format" : "binary"
                }
              }
            }
          }
        }
      }
    },
    "/api/v1/reports/excel/employees" : {
      "get" : {
        "tags" : [ "report-controller" ],
        "summary" : "Generate an Excel report containing all the employees",
        "operationId" : "generateEmployeesExcelReport",
        "responses" : {
          "200" : {
            "description" : "OK",
            "content" : {
              "*/*" : {
                "schema" : {
                  "type" : "string",
                  "format" : "binary"
                }
              }
            }
          }
        }
      }
    },
    "/api/v1/reports/excel/departments" : {
      "get" : {
        "tags" : [ "report-controller" ],
        "summary" : "Generate an Excel report containing all the departments",
        "operationId" : "generateDepartmentsExcelReport",
        "responses" : {
          "200" : {
            "description" : "OK",
            "content" : {
              "*/*" : {
                "schema" : {
                  "type" : "string",
                  "format" : "binary"
                }
              }
            }
          }
        }
      }
    },
    "/api/v1/getallemployees" : {
      "get" : {
        "tags" : [ "employee-controller" ],
        "summary" : "Search all employees from all departments using pagination",
        "description" : "Returns a list of employees belonging to any department",
        "operationId" : "getAllEmployees",
        "responses" : {
          "200" : {
            "description" : "OK",
            "content" : {
              "*/*" : {
                "schema" : {
                  "$ref" : "#/components/schemas/APIResponseListEmployeeDTO"
                }
              }
            }
          }
        }
      }
    },
    "/api/v1/employees" : {
      "get" : {
        "tags" : [ "employee-controller" ],
        "summary" : "Get an employee along with the department using the employee email. Note: This endpoint was created just to demonstrate how to get a child and a parent object using the child's property",
        "operationId" : "getEmployeeAndDepartmentByEmployeeEmail",
        "parameters" : [ {
          "name" : "email",
          "in" : "query",
          "required" : true,
          "schema" : {
            "type" : "string"
          }
        } ],
        "responses" : {
          "200" : {
            "description" : "OK",
            "content" : {
              "*/*" : {
                "schema" : {
                  "$ref" : "#/components/schemas/APIResponseEmployeeAndDepartmentDTO"
                }
              }
            }
          }
        }
      }
    },
    "/api/v1/employee/{employeeId}" : {
      "get" : {
        "tags" : [ "employee-controller" ],
        "summary" : "Find employee by ID belonging to the specific department",
        "description" : "Returns a single employee belonging to the specific department",
        "operationId" : "getEmployeeById_1",
        "parameters" : [ {
          "name" : "employeeId",
          "in" : "path",
          "required" : true,
          "schema" : {
            "type" : "string"
          }
        } ],
        "responses" : {
          "200" : {
            "description" : "OK",
            "content" : {
              "*/*" : {
                "schema" : {
                  "$ref" : "#/components/schemas/APIResponseEmployeeAndDepartmentDTO"
                }
              }
            }
          }
        }
      }
    },
    "/api/v1/emails" : {
      "get" : {
        "tags" : [ "email-controller" ],
        "operationId" : "sendEmailWithoutAttachment",
        "responses" : {
          "200" : {
            "description" : "OK",
            "content" : {
              "*/*" : {
                "schema" : {
                  "$ref" : "#/components/schemas/APIResponseBoolean"
                }
              }
            }
          }
        }
      }
    },
    "/api/v1/emails/with-attachment" : {
      "get" : {
        "tags" : [ "email-controller" ],
        "operationId" : "sendEmailWithAttachment",
        "responses" : {
          "200" : {
            "description" : "OK",
            "content" : {
              "*/*" : {
                "schema" : {
                  "$ref" : "#/components/schemas/APIResponseBoolean"
                }
              }
            }
          }
        }
      }
    },
    "/api/v1/departments" : {
      "get" : {
        "tags" : [ "department-controller" ],
        "summary" : "Search all departments using pagination",
        "description" : "Returns a list of departments",
        "operationId" : "getAllDepartments",
        "responses" : {
          "200" : {
            "description" : "OK",
            "content" : {
              "*/*" : {
                "schema" : {
                  "$ref" : "#/components/schemas/APIResponseListDepartmentDTO"
                }
              }
            }
          }
        }
      }
    },
    "/api/v1/departments/{id}" : {
      "get" : {
        "tags" : [ "department-controller" ],
        "summary" : "Find department by ID",
        "description" : "Returns a single department",
        "operationId" : "getDepartmentById",
        "parameters" : [ {
          "name" : "id",
          "in" : "path",
          "required" : true,
          "schema" : {
            "type" : "string"
          }
        } ],
        "responses" : {
          "200" : {
            "description" : "OK",
            "content" : {
              "*/*" : {
                "schema" : {
                  "$ref" : "#/components/schemas/APIResponseDepartmentDTO"
                }
              }
            }
          }
        }
      }
    },
    "/api/v1/departments/employees" : {
      "get" : {
        "tags" : [ "employee-controller" ],
        "summary" : "Find all employees belonging to the specific department",
        "description" : "Returns a list of employees belonging to the specific department",
        "operationId" : "getAllEmployees_1",
        "parameters" : [ ],
        "responses" : {
          "200" : {
            "description" : "OK",
            "content" : {
              "*/*" : {
                "schema" : {
                  "$ref" : "#/components/schemas/APIResponseListEmployeeDTO"
                }
              }
            }
          }
        }
      }
    },
    "/api/v1/department/{id}/employees/" : {
      "get" : {
        "tags" : [ "department-controller" ],
        "summary" : "Find department by ID",
        "description" : "Returns a single department",
        "operationId" : "getDepartmenByIdtWithEmployeeList",
        "parameters" : [ {
          "name" : "id",
          "in" : "path",
          "required" : true,
          "schema" : {
            "type" : "string"
          }
        } ],
        "responses" : {
          "200" : {
            "description" : "OK",
            "content" : {
              "*/*" : {
                "schema" : {
                  "$ref" : "#/components/schemas/APIResponseDepartmentEmployeeDTO"
                }
              }
            }
          }
        }
      }
    },
    "/api/v1/department/employees" : {
      "get" : {
        "tags" : [ "department-controller" ],
        "summary" : "Find department by ID",
        "description" : "Returns a single department",
        "operationId" : "getDepartmenByIdtWithEmployeeList_1",
        "responses" : {
          "200" : {
            "description" : "OK",
            "content" : {
              "*/*" : {
                "schema" : {
                  "$ref" : "#/components/schemas/APIResponseListDepartmentEmployeeDTO"
                }
              }
            }
          }
        }
      }
    }
  },
  "components" : {
    "schemas" : {
      "DepartmentRequestDTO" : {
        "required" : [ "location", "name" ],
        "type" : "object",
        "properties" : {
          "name" : {
            "maxLength" : 2147483647,
            "minLength" : 2,
            "type" : "string"
          },
          "location" : {
            "maxLength" : 2147483647,
            "minLength" : 2,
            "type" : "string"
          }
        }
      },
      "APIResponseDepartmentDTO" : {
        "type" : "object",
        "properties" : {
          "status" : {
            "type" : "string"
          },
          "errors" : {
            "type" : "array",
            "items" : {
              "$ref" : "#/components/schemas/ErrorDTO"
            }
          },
          "results" : {
            "$ref" : "#/components/schemas/DepartmentDTO"
          }
        }
      },
      "DepartmentDTO" : {
        "type" : "object",
        "properties" : {
          "id" : {
            "type" : "string"
          },
          "name" : {
            "type" : "string"
          },
          "location" : {
            "type" : "string"
          }
        }
      },
      "ErrorDTO" : {
        "type" : "object",
        "properties" : {
          "field" : {
            "type" : "string"
          },
          "errorMessage" : {
            "type" : "string"
          }
        }
      },
      "EmployeeRequestDTO" : {
        "required" : [ "email", "name", "position" ],
        "type" : "object",
        "properties" : {
          "name" : {
            "maxLength" : 2147483647,
            "minLength" : 2,
            "type" : "string"
          },
          "position" : {
            "maxLength" : 2147483647,
            "minLength" : 2,
            "type" : "string"
          },
          "email" : {
            "type" : "string"
          },
          "salary" : {
            "type" : "number"
          }
        }
      },
      "APIResponseEmployeeDTO" : {
        "type" : "object",
        "properties" : {
          "status" : {
            "type" : "string"
          },
          "errors" : {
            "type" : "array",
            "items" : {
              "$ref" : "#/components/schemas/ErrorDTO"
            }
          },
          "results" : {
            "$ref" : "#/components/schemas/EmployeeDTO"
          }
        }
      },
      "EmployeeDTO" : {
        "type" : "object",
        "properties" : {
          "id" : {
            "type" : "string"
          },
          "name" : {
            "type" : "string"
          },
          "position" : {
            "type" : "string"
          },
          "email" : {
            "type" : "string"
          },
          "salary" : {
            "type" : "number"
          }
        }
      },
      "DepartmentSearchCriteriaDTO" : {
        "required" : [ "page", "size" ],
        "type" : "object",
        "properties" : {
          "id" : {
            "type" : "string"
          },
          "name" : {
            "type" : "string"
          },
          "location" : {
            "type" : "string"
          },
          "page" : {
            "type" : "integer",
            "format" : "int32"
          },
          "size" : {
            "type" : "integer",
            "format" : "int32",
            "example" : 10
          },
          "sortList" : {
            "type" : "array",
            "items" : {
              "$ref" : "#/components/schemas/SortItem"
            }
          }
        }
      },
      "SortItem" : {
        "type" : "object",
        "properties" : {
          "field" : {
            "type" : "string",
            "example" : "id"
          },
          "direction" : {
            "type" : "string",
            "enum" : [ "ASC", "DESC" ]
          }
        }
      },
      "APIResponsePageDepartmentDTO" : {
        "type" : "object",
        "properties" : {
          "status" : {
            "type" : "string"
          },
          "errors" : {
            "type" : "array",
            "items" : {
              "$ref" : "#/components/schemas/ErrorDTO"
            }
          },
          "results" : {
            "$ref" : "#/components/schemas/PageObject"
          }
        }
      },
      "PageObject" : {
        "type" : "object",
        "properties" : {
          "totalElements" : {
            "type" : "integer",
            "format" : "int64"
          },
          "totalPages" : {
            "type" : "integer",
            "format" : "int32"
          },
          "size" : {
            "type" : "integer",
            "format" : "int32"
          },
          "content" : {
            "type" : "array",
            "items" : {
              "$ref" : "#/components/schemas/DepartmentDTO"
            }
          },
          "number" : {
            "type" : "integer",
            "format" : "int32"
          },
          "sort" : {
            "$ref" : "#/components/schemas/SortObject"
          },
          "first" : {
            "type" : "boolean"
          },
          "last" : {
            "type" : "boolean"
          },
          "numberOfElements" : {
            "type" : "integer",
            "format" : "int32"
          },
          "pageable" : {
            "$ref" : "#/components/schemas/PageableObject"
          },
          "empty" : {
            "type" : "boolean"
          }
        }
      },
      "PageableObject" : {
        "type" : "object",
        "properties" : {
          "offset" : {
            "type" : "integer",
            "format" : "int64"
          },
          "sort" : {
            "$ref" : "#/components/schemas/SortObject"
          },
          "pageSize" : {
            "type" : "integer",
            "format" : "int32"
          },
          "paged" : {
            "type" : "boolean"
          },
          "pageNumber" : {
            "type" : "integer",
            "format" : "int32"
          },
          "unpaged" : {
            "type" : "boolean"
          }
        }
      },
      "SortObject" : {
        "type" : "object",
        "properties" : {
          "empty" : {
            "type" : "boolean"
          },
          "sorted" : {
            "type" : "boolean"
          },
          "unsorted" : {
            "type" : "boolean"
          }
        }
      },
      "EmployeeSearchCriteriaDTO" : {
        "required" : [ "page", "size" ],
        "type" : "object",
        "properties" : {
          "id" : {
            "type" : "string"
          },
          "name" : {
            "type" : "string"
          },
          "position" : {
            "type" : "string"
          },
          "email" : {
            "type" : "string"
          },
          "page" : {
            "type" : "integer",
            "format" : "int32"
          },
          "size" : {
            "type" : "integer",
            "format" : "int32",
            "example" : 10
          },
          "sortList" : {
            "type" : "array",
            "items" : {
              "$ref" : "#/components/schemas/SortItem"
            }
          }
        }
      },
      "APIResponsePageEmployeeDTO" : {
        "type" : "object",
        "properties" : {
          "status" : {
            "type" : "string"
          },
          "errors" : {
            "type" : "array",
            "items" : {
              "$ref" : "#/components/schemas/ErrorDTO"
            }
          },
          "results" : {
            "$ref" : "#/components/schemas/PageObject"
          }
        }
      },
      "APIResponseListEmployeeDTO" : {
        "type" : "object",
        "properties" : {
          "status" : {
            "type" : "string"
          },
          "errors" : {
            "type" : "array",
            "items" : {
              "$ref" : "#/components/schemas/ErrorDTO"
            }
          },
          "results" : {
            "type" : "array",
            "items" : {
              "$ref" : "#/components/schemas/EmployeeDTO"
            }
          }
        }
      },
      "APIResponseEmployeeAndDepartmentDTO" : {
        "type" : "object",
        "properties" : {
          "status" : {
            "type" : "string"
          },
          "errors" : {
            "type" : "array",
            "items" : {
              "$ref" : "#/components/schemas/ErrorDTO"
            }
          },
          "results" : {
            "$ref" : "#/components/schemas/EmployeeAndDepartmentDTO"
          }
        }
      },
      "EmployeeAndDepartmentDTO" : {
        "type" : "object",
        "properties" : {
          "id" : {
            "type" : "string"
          },
          "name" : {
            "type" : "string"
          },
          "position" : {
            "type" : "string"
          },
          "email" : {
            "type" : "string"
          },
          "salary" : {
            "type" : "number"
          },
          "department" : {
            "$ref" : "#/components/schemas/DepartmentDTO"
          }
        }
      },
      "APIResponseBoolean" : {
        "type" : "object",
        "properties" : {
          "status" : {
            "type" : "string"
          },
          "errors" : {
            "type" : "array",
            "items" : {
              "$ref" : "#/components/schemas/ErrorDTO"
            }
          },
          "results" : {
            "type" : "boolean"
          }
        }
      },
      "APIResponseListDepartmentDTO" : {
        "type" : "object",
        "properties" : {
          "status" : {
            "type" : "string"
          },
          "errors" : {
            "type" : "array",
            "items" : {
              "$ref" : "#/components/schemas/ErrorDTO"
            }
          },
          "results" : {
            "type" : "array",
            "items" : {
              "$ref" : "#/components/schemas/DepartmentDTO"
            }
          }
        }
      },
      "APIResponseDepartmentEmployeeDTO" : {
        "type" : "object",
        "properties" : {
          "status" : {
            "type" : "string"
          },
          "errors" : {
            "type" : "array",
            "items" : {
              "$ref" : "#/components/schemas/ErrorDTO"
            }
          },
          "results" : {
            "$ref" : "#/components/schemas/DepartmentEmployeeDTO"
          }
        }
      },
      "DepartmentEmployeeDTO" : {
        "type" : "object",
        "properties" : {
          "id" : {
            "type" : "string"
          },
          "name" : {
            "type" : "string"
          },
          "location" : {
            "type" : "string"
          },
          "employees" : {
            "uniqueItems" : true,
            "type" : "array",
            "items" : {
              "$ref" : "#/components/schemas/EmployeeDTO"
            }
          }
        }
      },
      "APIResponseListDepartmentEmployeeDTO" : {
        "type" : "object",
        "properties" : {
          "status" : {
            "type" : "string"
          },
          "errors" : {
            "type" : "array",
            "items" : {
              "$ref" : "#/components/schemas/ErrorDTO"
            }
          },
          "results" : {
            "type" : "array",
            "items" : {
              "$ref" : "#/components/schemas/DepartmentEmployeeDTO"
            }
          }
        }
      },
      "APIResponseString" : {
        "type" : "object",
        "properties" : {
          "status" : {
            "type" : "string"
          },
          "errors" : {
            "type" : "array",
            "items" : {
              "$ref" : "#/components/schemas/ErrorDTO"
            }
          },
          "results" : {
            "type" : "string"
          }
        }
      }
    }
  }
}